code;libelle
XXX;INDETERMINE
AFG;AFGHANISTAN
ALB;ALBANIE
DZA;ALGERIE
AGO;ANGOLA
ARG;ARGENTINE
ARM;ARMENIE
AUS;AUSTRALIE
AUT;AUTRICHE
AZE;AZERBAIDJAN
BHS;BAHAMAS
BGD;BANGLADESH
BLR;BIELORUSSIE
BEL;BELGIQUE
BLZ;BELIZE
BEN;BENIN
BTN;BHOUTAN
BOL;BOLIVIE
BIH;BOSNIE-HERZEGOVINE
BWA;BOTSWANA
BRA;BRESIL
BRN;BRUNEI
BGR;BULGARIE
BFA;BURKINA
BDI;BURUNDI
CIV;COTE D'IVOIRE
KHM;CAMBODGE
CMR;CAMEROUN
CAN;CANADA
CAF;CENTRAFRIQUE
TCD;TCHAD
CHL;CHILI
CHN;REPUBLIQUE POPULAIRE DE CHINE
COL;COLOMBIE
COG;CONGO
CRI;COSTA RICA
HRV;CROATIE
CUB;CUBA
CYP;CHYPRE
CZE;REPUBLIQUE TCHEQUE
COD;REPUBLIQUE DEMO. DU CONGO
PRK;COREE DU NORD
DNK;DANEMARK
DJI;DJIBOUTI
DOM;REPUBLIQUE DOMINICAINE
ECU;EQUATEUR
EGY;EGYPTE
SLV;EL SALVADOR
GNQ;GUINEE EQUATORIALE
ERI;ERYTHREE
EST;ESTONIE
ETH;ETHIOPIE
FJI;FIDJI
FIN;FINLANDE
FRA;FRANCE
GAB;GABON
GMB;GAMBIE
GEO;GEORGIE
ALL;ALLEMAGNE
DEU;ALLEMAGNE
DDR;ALLEMAGNE DE L'EST (RDA)
GHA;GHANA
GRC;GRECE
GTM;GUATEMALA
GIN;GUINEE
GNB;GUINEE-BISSAO
GUY;GUYANA
HTI;HAITI
HND;HONDURAS
HUN;HONGRIE
ISL;ISLANDE
IND;INDE
IDN;INDONESIE
IRN;IRAN
IRQ;IRAK
GBR;GRANDE BRETAGNE
IRL;IRLANDE
ISR;ISRAEL
ITA;ITALIE
JAM;JAMAIQUE
JPN;JAPON
JOR;JORDANIE
KAZ;KAZAKHSTAN
KEN;KENYA
KOR;COREE DU SUD
KWT;KOWEIT
KGZ;KIRGHIZIE
LAO;LAOS
LVA;LETTONIE
LBN;LIBAN
LSO;LESOTHO
LBR;LIBERIA
LBY;LIBYE
LTU;LITUANIE
LUX;LUXEMBOURG
MKD;REPUBLIQUE DE MACEDOINE
MDG;MADAGASCAR
MWI;MALAWI
MYS;MALAISIE
MLI;MALI
MRT;MAURITANIE
MEX;MEXIQUE
MDA;MOLDAVIE
MNG;MONGOLIE
MNE;MONTENEGRO
MAR;MAROC
MOZ;MOZAMBIQUE
MMR;BIRMANIE
BUR;BIRMANIE
NAM;NAMIBIE
NPL;NEPAL
NLD;PAYS BAS
NZL;NOUVELLE ZELANDE
NIC;NICARAGUA
NER;NIGER
NGA;NIGERIA
NOR;NORVEGE
OMN;OMAN
PAK;PAKISTAN
PAL;PALESTINE
PAN;PANAMA
PNG;PAPOUASIE
PRY;PARAGUAY
PER;PEROU
PHL;PHILIPPINES
POL;POLOGNE
PRT;PORTUGAL
PRI;PORTO RICO
QAT;QATAR
ROM;ROUMANIE
RUS;RUSSIE
RWA;RWANDA
SSD;SOUDAN DU SUD
SAU;ARABIE SAOUDITE
SEN;SENEGAL
SRB;SERBIE
SLE;SIERRA LEONE
SVK;SLOVAQUIE
SVN;SLOVENIE
SLB;SALOMON
SOM;SOMALIE
ZAF;AFRIQUE DU SUD
ESP;ESPAGNE
LKA;SRI LANKA
SDN;SOUDAN
SUR;SURINAME
SWZ;SWAZILAND
SWE;SUEDE
CHE;SUISSE
SYR;SYRIE
TWN;TAIWAN
TJK;TADJIKISTAN
TZA;TANZANIE
THA;THAILANDE
TMP;TIMOR ORIENTAL
TGO;TOGO
TTO;TRINITE ET TOBAGO
TUN;TUNISIE
TUR;TURQUIE
TKM;TURKMENISTAN
UGA;OUGANDA
UKR;UKRAINE
ARE;EMIRATS ARABES UNIS
USA;ETATS UNIS
URY;URUGUAY
UZB;OUZBEKISTAN
VUT;VANUATU
VEN;VENEZUELA
VNM;VIETNAM
YEM;YEMEN
YEN;YEMEN (NORD)
YMD;YEMEN (SUD)
ZMB;ZAMBIE
ZWE;ZIMBABWE
XXA;APATRIDE
GRL;GROENLAND
AND;ANDORRE
ATG;ANTIGUA ET BARBUDA
BGL;BENGALE
BHR;BAHREIN
BRB;BARBADE
CEY;CEYLAN
COM;COMORES
CPV;CAP VERT
CSK;TCHECOSLOVAQUIE
DMA;LA DOMINIQUE
FSM;MICRONESIE
GRD;GRENADE
HKG;HONG KONG
KIR;KIRIBATI
RKS;REPUBLIQUE DU KOSOVO
LCA;SAINTE LUCIE
LIE;LIECHTENSTEIN
MCO;MONACO
MDV;MALDIVES
MHL;ILES MARSHALL
MLT;MALTE
MUS;MAURICE
NKA;SAINT CHRISTOPHE ET NIEVES
KNA;ST KITTS
KNA;ST CHRISTOPHE ET NIEVES
NRU;NAURU
PLW;REPUBLIQUE DE PALAU
SCG;SERBIE-ET-MONTENEGRO
SGP;SINGAPOUR
SMR;SAINT MARIN
STP;SAINT THOMAS ET PRINCE
SUN;URSS
SYC;SEYCHELLES
TIB;TIBET
TON;TONGA
TUV;TUVALU
VAT;SAINT-SIEGE
VCT;SAINT VINCENT
WSM;SAMOA OCCIDENTALES
YUG;YOUGOSLAVIE
ZAR;ZAIRE
AIA;ANGUILLA
ANT;ANTILLES NEERLANDAISES
BMU;BERMUDES
D;SARRE
FLK;ILES MALOUINES
GIB;GIBRALTAR
SCG;SERBIE-ET-MONTENEGRO/KOSOVO
IMN;MAN (ILE)
GGY;GUERNESEY
JEY;JERSEY
PKO;PAKISTAN ORIENTAL
